Username,Date Requested
Swee1950,22/02/2020
Nouranglithe,21/01/2020
Immersted,01/02/2020
Upold1984,20/02/2020
Keent1990,03/02/2020
Crand1932,04/02/2020
Anch1947,11/02/2020
Nowassained,28/01/2020
Embefors,30/01/2020
Vingausaid,03/02/2020
Blince,26/01/2020
Prieture,21/01/2020
Wilhaverste,05/02/2020
Surict,25/01/2020
Doess1931,03/01/2020
Cale1939,06/01/2020
Shours1965,26/01/2020
Lattens,31/01/2020
Garty1955,15/02/2020
Lorepatiou,14/01/2020
Themnioncy40,28/01/2020
Phoettinave,16/01/2020
Garld1976,14/01/2020
Porser,20/02/2020
Peatchath,23/01/2020
Pashery,11/02/2020
Lostelly,21/01/2020
Joher1990,21/02/2020
Messin,22/02/2020
Soove1958,20/02/2020
Ambleverce,16/01/2020
Hined1980,04/02/2020
Makeekly,25/02/2020
Sects1963,22/02/2020
Areamithat,08/02/2020
Farn1978,31/01/2020
Tractinglery,21/01/2020
Comens1945,22/02/2020
Ovell1945,08/01/2020
Therlon,09/01/2020
Youtims,24/02/2020
Gureque,13/01/2020
Thury1970,01/02/2020
